file_id,age
image_0.jpg,60.035911560058594
image_1.jpg,50.34260177612305
image_10.jpg,27.829608917236328
image_100.jpg,52.11231994628906
image_1000.jpg,21.66949462890625
image_1001.jpg,25.527002334594727
image_1002.jpg,78.95032501220703
image_1003.jpg,36.895267486572266
image_1004.jpg,42.272430419921875
image_1005.jpg,77.2587661743164
image_1006.jpg,33.871559143066406
image_1007.jpg,66.03054809570312
image_1008.jpg,58.87346649169922
image_1009.jpg,32.25246810913086
image_101.jpg,51.56425476074219
image_1010.jpg,51.211524963378906
image_1011.jpg,12.955000877380371
image_1012.jpg,91.32963562011719
image_1013.jpg,77.01204681396484
image_1014.jpg,61.28160858154297
image_1015.jpg,28.731090545654297
image_1016.jpg,53.253421783447266
image_1017.jpg,42.29660415649414
image_1018.jpg,25.522695541381836
image_1019.jpg,37.60200500488281
image_102.jpg,30.16937255859375
image_1020.jpg,31.27418327331543
image_1021.jpg,11.053171157836914
image_1022.jpg,2.1662919521331787
image_1023.jpg,30.205453872680664
image_1024.jpg,38.044925689697266
image_1025.jpg,55.86854934692383
image_1026.jpg,13.1485595703125
image_1027.jpg,4.983862400054932
image_1028.jpg,30.673330307006836
image_1029.jpg,24.599584579467773
image_103.jpg,27.2772216796875
image_1030.jpg,60.22191619873047
image_1031.jpg,1.5174428224563599
image_1032.jpg,49.661834716796875
image_1033.jpg,26.833932876586914
image_1034.jpg,27.439716339111328
image_1035.jpg,41.710662841796875
image_1036.jpg,66.20954895019531
image_1037.jpg,25.1323299407959
image_1038.jpg,48.905799865722656
image_1039.jpg,24.174915313720703
image_104.jpg,21.797605514526367
image_1040.jpg,17.468027114868164
image_1041.jpg,45.20868682861328
image_1042.jpg,33.252586364746094
image_1043.jpg,60.47484588623047
image_1044.jpg,45.216575622558594
image_1045.jpg,45.55814743041992
image_1046.jpg,27.93241310119629
image_1047.jpg,40.93568420410156
image_1048.jpg,68.26541137695312
image_1049.jpg,1.6902965307235718
image_105.jpg,26.312837600708008
image_1050.jpg,46.11884307861328
image_1051.jpg,69.0281753540039
image_1052.jpg,25.988170623779297
image_1053.jpg,68.55166625976562
image_1054.jpg,69.34315490722656
image_1055.jpg,78.02544403076172
image_1056.jpg,25.376548767089844
image_1057.jpg,16.245254516601562
image_1058.jpg,30.544689178466797
image_1059.jpg,7.45723295211792
image_106.jpg,58.49101257324219
image_1060.jpg,60.078243255615234
image_1061.jpg,39.403770446777344
image_1062.jpg,40.535682678222656
image_1063.jpg,65.19707489013672
image_1064.jpg,17.176088333129883
image_1065.jpg,60.69905471801758
image_1066.jpg,23.99598503112793
image_1067.jpg,60.048614501953125
image_1068.jpg,61.023887634277344
image_1069.jpg,52.098785400390625
image_107.jpg,35.26890182495117
image_1070.jpg,81.3681869506836
image_1071.jpg,58.540687561035156
image_1072.jpg,15.923624992370605
image_1073.jpg,1.3661937713623047
image_1074.jpg,38.725486755371094
image_1075.jpg,63.77301025390625
image_1076.jpg,60.057411193847656
image_1077.jpg,19.35888671875
image_1078.jpg,20.30562400817871
image_1079.jpg,64.34046936035156
image_108.jpg,41.1826171875
image_1080.jpg,24.284175872802734
image_1081.jpg,32.477848052978516
image_1082.jpg,15.489150047302246
image_1083.jpg,23.271833419799805
image_1084.jpg,56.01643371582031
image_1085.jpg,51.200416564941406
image_1086.jpg,45.98211669921875
image_1087.jpg,70.38920593261719
image_1088.jpg,51.6503791809082
image_1089.jpg,31.51439094543457
image_109.jpg,19.479358673095703
image_1090.jpg,26.81648063659668
image_1091.jpg,31.9215030670166
image_1092.jpg,29.3120174407959
image_1093.jpg,39.52017593383789
image_1094.jpg,48.411590576171875
image_1095.jpg,45.698020935058594
image_1096.jpg,13.250814437866211
image_1097.jpg,23.36945152282715
image_1098.jpg,10.293797492980957
image_1099.jpg,32.88104248046875
image_11.jpg,26.162090301513672
image_110.jpg,7.752904891967773
image_1100.jpg,53.1670036315918
image_1101.jpg,1.9600639343261719
image_1102.jpg,55.499629974365234
image_1103.jpg,23.898988723754883
image_1104.jpg,30.270030975341797
image_1105.jpg,26.94155502319336
image_1106.jpg,24.406574249267578
image_1107.jpg,15.214613914489746
image_1108.jpg,56.77751159667969
image_1109.jpg,29.14280128479004
image_111.jpg,8.822918891906738
image_1110.jpg,33.440547943115234
image_1111.jpg,59.13823318481445
image_1112.jpg,53.98130798339844
image_1113.jpg,50.05400848388672
image_1114.jpg,28.024133682250977
image_1115.jpg,45.58219909667969
image_1116.jpg,62.85387420654297
image_1117.jpg,27.39917755126953
image_1118.jpg,30.390928268432617
image_1119.jpg,20.727750778198242
image_112.jpg,26.953662872314453
image_1120.jpg,52.225032806396484
image_1121.jpg,30.24250602722168
image_1122.jpg,55.27555465698242
image_1123.jpg,73.39665985107422
image_1124.jpg,16.068998336791992
image_1125.jpg,43.88568115234375
image_1126.jpg,54.11185836791992
image_1127.jpg,83.1921157836914
image_1128.jpg,33.09821701049805
image_1129.jpg,60.45537567138672
image_113.jpg,23.690406799316406
image_1130.jpg,53.83295440673828
image_1131.jpg,22.419940948486328
image_1132.jpg,53.341087341308594
image_1133.jpg,5.047995567321777
image_1134.jpg,52.36223220825195
image_1135.jpg,29.484268188476562
image_1136.jpg,73.46458435058594
image_1137.jpg,23.121938705444336
image_1138.jpg,46.25771713256836
image_1139.jpg,26.314043045043945
image_114.jpg,24.88627815246582
image_1140.jpg,22.630258560180664
image_1141.jpg,41.62482452392578
image_1142.jpg,26.506549835205078
image_1143.jpg,59.91333770751953
image_1144.jpg,55.63836669921875
image_1145.jpg,48.489864349365234
image_1146.jpg,27.94244956970215
image_1147.jpg,23.344179153442383
image_1148.jpg,58.316871643066406
image_1149.jpg,69.40043640136719
image_115.jpg,19.931257247924805
image_1150.jpg,47.92102813720703
image_1151.jpg,25.055164337158203
image_1152.jpg,56.86770248413086
image_1153.jpg,33.44036102294922
image_1154.jpg,31.84217643737793
image_1155.jpg,4.126703262329102
image_1156.jpg,13.80969524383545
image_1157.jpg,44.67268371582031
image_1158.jpg,24.789644241333008
image_1159.jpg,1.2121469974517822
image_116.jpg,11.039538383483887
image_1160.jpg,37.41788101196289
image_1161.jpg,26.05670738220215
image_1162.jpg,10.998204231262207
image_1163.jpg,97.4288101196289
image_1164.jpg,47.69341278076172
image_1165.jpg,71.73023223876953
image_1166.jpg,58.53471374511719
image_1167.jpg,23.861764907836914
image_1168.jpg,11.779304504394531
image_1169.jpg,8.137259483337402
image_117.jpg,10.371832847595215
image_1170.jpg,5.446537494659424
image_1171.jpg,5.893714427947998
image_1172.jpg,44.66188049316406
image_1173.jpg,66.42822265625
image_1174.jpg,58.97187042236328
image_1175.jpg,10.653884887695312
image_1176.jpg,92.87985229492188
image_1177.jpg,39.979469299316406
image_1178.jpg,6.818266868591309
image_1179.jpg,52.40873336791992
image_118.jpg,64.5921859741211
image_1180.jpg,35.59595489501953
image_1181.jpg,35.51244354248047
image_1182.jpg,29.241413116455078
image_1183.jpg,62.652626037597656
image_1184.jpg,52.77119064331055
image_1185.jpg,34.57103729248047
image_1186.jpg,36.369895935058594
image_1187.jpg,7.5635294914245605
image_1188.jpg,11.516745567321777
image_1189.jpg,15.487801551818848
image_119.jpg,58.78639602661133
image_1190.jpg,60.44295883178711
image_1191.jpg,7.922770023345947
image_1192.jpg,46.116676330566406
image_1193.jpg,65.63407135009766
image_1194.jpg,26.435457229614258
image_1195.jpg,27.17487144470215
image_1196.jpg,7.7776780128479
image_1197.jpg,19.233217239379883
image_1198.jpg,14.072734832763672
image_1199.jpg,53.421234130859375
image_12.jpg,55.528892517089844
image_120.jpg,32.200225830078125
image_1200.jpg,72.76686096191406
image_1201.jpg,48.64125061035156
image_1202.jpg,30.66967010498047
image_1203.jpg,50.57759094238281
image_1204.jpg,39.10047149658203
image_1205.jpg,3.0597147941589355
image_1206.jpg,45.36857604980469
image_1207.jpg,52.08192825317383
image_1208.jpg,41.12749481201172
image_1209.jpg,31.917078018188477
image_121.jpg,27.00155258178711
image_1210.jpg,24.524980545043945
image_1211.jpg,68.0538101196289
image_1212.jpg,77.4405517578125
image_1213.jpg,67.3599853515625
image_1214.jpg,37.36201858520508
image_1215.jpg,62.09004211425781
image_1216.jpg,10.270462989807129
image_1217.jpg,1.2287875413894653
image_1218.jpg,55.77086639404297
image_1219.jpg,60.1091194152832
image_122.jpg,32.44560623168945
image_1220.jpg,26.432004928588867
image_1221.jpg,58.940589904785156
image_1222.jpg,66.4246826171875
image_1223.jpg,72.04833984375
image_1224.jpg,1.7934701442718506
image_1225.jpg,77.69715881347656
image_1226.jpg,24.95836067199707
image_1227.jpg,45.36994171142578
image_1228.jpg,64.32221984863281
image_1229.jpg,23.26332664489746
image_123.jpg,11.630619049072266
image_1230.jpg,8.962303161621094
image_1231.jpg,65.86521911621094
image_1232.jpg,37.08372116088867
image_1233.jpg,22.63718032836914
image_1234.jpg,28.06804656982422
image_1235.jpg,57.368080139160156
image_1236.jpg,54.295230865478516
image_1237.jpg,18.1411075592041
image_1238.jpg,8.71076488494873
image_1239.jpg,20.280447006225586
image_124.jpg,21.37517738342285
image_1240.jpg,21.026254653930664
image_1241.jpg,29.17552947998047
image_1242.jpg,62.073707580566406
image_1243.jpg,56.5063362121582
image_1244.jpg,26.492191314697266
image_1245.jpg,11.263489723205566
image_1246.jpg,31.88411521911621
image_1247.jpg,34.553321838378906
image_1248.jpg,43.10267639160156
image_1249.jpg,46.274330139160156
image_125.jpg,65.32319641113281
image_1250.jpg,4.522976875305176
image_1251.jpg,47.64080047607422
image_1252.jpg,41.760345458984375
image_1253.jpg,64.13276672363281
image_1254.jpg,35.747859954833984
image_1255.jpg,6.36772346496582
image_1256.jpg,52.629905700683594
image_1257.jpg,74.25121307373047
image_1258.jpg,44.7755126953125
image_1259.jpg,57.13541030883789
image_126.jpg,10.772530555725098
image_1260.jpg,51.19786071777344
image_1261.jpg,58.969791412353516
image_1262.jpg,1.696997046470642
image_1263.jpg,36.79891586303711
image_1264.jpg,22.30391502380371
image_1265.jpg,57.8409538269043
image_1266.jpg,10.832223892211914
image_1267.jpg,60.78443145751953
image_1268.jpg,50.209991455078125
image_1269.jpg,37.09925842285156
image_127.jpg,25.368127822875977
image_1270.jpg,28.64911651611328
image_1271.jpg,48.85271072387695
image_1272.jpg,71.2806396484375
image_1273.jpg,47.57173156738281
image_1274.jpg,38.25535202026367
image_1275.jpg,34.25884246826172
image_1276.jpg,41.74814987182617
image_1277.jpg,46.501956939697266
image_1278.jpg,28.753442764282227
image_1279.jpg,30.459943771362305
image_128.jpg,12.471156120300293
image_1280.jpg,44.527671813964844
image_1281.jpg,87.15962219238281
image_1282.jpg,54.05242156982422
image_1283.jpg,60.25862121582031
image_1284.jpg,30.54006004333496
image_1285.jpg,72.211181640625
image_1286.jpg,17.081348419189453
image_1287.jpg,12.384033203125
image_1288.jpg,57.2764778137207
image_1289.jpg,62.253658294677734
image_129.jpg,33.71200942993164
image_1290.jpg,32.583412170410156
image_1291.jpg,61.19134521484375
image_1292.jpg,30.623273849487305
image_1293.jpg,21.74995994567871
image_1294.jpg,52.27733612060547
image_1295.jpg,60.08269500732422
image_1296.jpg,66.60702514648438
image_1297.jpg,26.79546546936035
image_1298.jpg,28.548437118530273
image_1299.jpg,51.12940216064453
image_13.jpg,62.67060470581055
image_130.jpg,15.288875579833984
image_1300.jpg,73.94379425048828
image_1301.jpg,21.84963035583496
image_1302.jpg,20.51889991760254
image_1303.jpg,33.11098098754883
image_1304.jpg,54.12031173706055
image_1305.jpg,51.89585876464844
image_1306.jpg,31.27085304260254
image_1307.jpg,1.6848738193511963
image_1308.jpg,51.47599411010742
image_1309.jpg,45.45442199707031
image_131.jpg,56.85634994506836
image_1310.jpg,59.20530319213867
image_1311.jpg,42.731048583984375
image_1312.jpg,34.83448791503906
image_1313.jpg,72.96426391601562
image_1314.jpg,24.32667350769043
image_1315.jpg,40.728965759277344
image_1316.jpg,33.68538284301758
image_1317.jpg,31.90459442138672
image_1318.jpg,7.877989292144775
image_1319.jpg,31.35483741760254
image_132.jpg,55.308555603027344
image_1320.jpg,60.94749069213867
image_1321.jpg,61.303646087646484
image_1322.jpg,24.545270919799805
image_1323.jpg,12.687979698181152
image_1324.jpg,36.85348892211914
image_1325.jpg,6.5875678062438965
image_1326.jpg,16.297889709472656
image_1327.jpg,62.6201057434082
image_1328.jpg,12.632756233215332
image_1329.jpg,31.976646423339844
image_133.jpg,56.76578140258789
image_1330.jpg,80.6983413696289
image_1331.jpg,36.723140716552734
image_1332.jpg,46.865989685058594
image_1333.jpg,61.046627044677734
image_1334.jpg,37.76937484741211
image_1335.jpg,50.301212310791016
image_1336.jpg,53.42662811279297
image_1337.jpg,46.638553619384766
image_1338.jpg,25.68288230895996
image_1339.jpg,2.7444844245910645
image_134.jpg,27.704259872436523
image_1340.jpg,23.516727447509766
image_1341.jpg,58.82148742675781
image_1342.jpg,28.88362693786621
image_1343.jpg,45.639671325683594
image_1344.jpg,2.01296329498291
image_1345.jpg,45.91435623168945
image_1346.jpg,50.70826721191406
image_1347.jpg,26.75889778137207
image_1348.jpg,53.14101791381836
image_1349.jpg,53.827816009521484
image_135.jpg,9.781865119934082
image_1350.jpg,69.2861557006836
image_1351.jpg,34.54747009277344
image_1352.jpg,54.959800720214844
image_1353.jpg,34.925628662109375
image_1354.jpg,41.43266296386719
image_1355.jpg,37.08506393432617
image_1356.jpg,3.544734477996826
image_1357.jpg,24.30862045288086
image_1358.jpg,55.24371337890625
image_1359.jpg,1.871997594833374
image_136.jpg,25.557031631469727
image_1360.jpg,28.846221923828125
image_1361.jpg,28.756731033325195
image_1362.jpg,44.66877746582031
image_1363.jpg,35.551639556884766
image_1364.jpg,58.99574279785156
image_1365.jpg,58.283119201660156
image_1366.jpg,36.51191711425781
image_1367.jpg,39.273719787597656
image_1368.jpg,70.01055908203125
image_1369.jpg,29.955947875976562
image_137.jpg,27.3883056640625
image_1370.jpg,25.486112594604492
image_1371.jpg,38.964805603027344
image_1372.jpg,34.717044830322266
image_1373.jpg,49.82380294799805
image_1374.jpg,23.129722595214844
image_1375.jpg,52.23466110229492
image_1376.jpg,7.62923002243042
image_1377.jpg,8.198868751525879
image_1378.jpg,57.38340377807617
image_1379.jpg,2.321125030517578
image_138.jpg,32.81525421142578
image_1380.jpg,73.12379455566406
image_1381.jpg,5.370575904846191
image_1382.jpg,74.61078643798828
image_1383.jpg,70.86261749267578
image_1384.jpg,67.63969421386719
image_1385.jpg,68.00756072998047
image_1386.jpg,87.75334930419922
image_1387.jpg,7.6160078048706055
image_1388.jpg,47.5107307434082
image_1389.jpg,46.399925231933594
image_139.jpg,19.24367332458496
image_1390.jpg,19.988149642944336
image_1391.jpg,23.808469772338867
image_1392.jpg,33.99562072753906
image_1393.jpg,11.834482192993164
image_1394.jpg,2.4118895530700684
image_1395.jpg,12.860234260559082
image_1396.jpg,46.15758514404297
image_1397.jpg,30.775394439697266
image_1398.jpg,57.734535217285156
image_1399.jpg,14.306656837463379
image_14.jpg,50.32988739013672
image_140.jpg,11.073775291442871
image_1400.jpg,66.89583587646484
image_1401.jpg,50.142127990722656
image_1402.jpg,73.11377716064453
image_1403.jpg,31.641441345214844
image_1404.jpg,28.17030143737793
image_1405.jpg,25.62737464904785
image_1406.jpg,54.30815887451172
image_1407.jpg,32.08817672729492
image_1408.jpg,40.05520248413086
image_1409.jpg,2.061325788497925
image_141.jpg,55.60898208618164
image_1410.jpg,8.247746467590332
image_1411.jpg,1.7137280702590942
image_1412.jpg,52.59422302246094
image_1413.jpg,17.44175148010254
image_1414.jpg,34.947227478027344
image_1415.jpg,18.935922622680664
image_1416.jpg,48.085472106933594
image_1417.jpg,35.190311431884766
image_1418.jpg,32.431522369384766
image_1419.jpg,12.340056419372559
image_142.jpg,1.2549651861190796
image_1420.jpg,30.922216415405273
image_1421.jpg,42.66992950439453
image_1422.jpg,80.08654022216797
image_1423.jpg,28.0153865814209
image_1424.jpg,32.91353225708008
image_1425.jpg,5.663978576660156
image_1426.jpg,10.49919319152832
image_1427.jpg,37.2515983581543
image_1428.jpg,10.884346008300781
image_1429.jpg,8.764451026916504
image_143.jpg,21.65648651123047
image_1430.jpg,23.825366973876953
image_1431.jpg,7.810747146606445
image_1432.jpg,6.759643077850342
image_1433.jpg,40.824031829833984
image_1434.jpg,12.26385498046875
image_1435.jpg,38.58623123168945
image_1436.jpg,33.372955322265625
image_1437.jpg,60.171669006347656
image_1438.jpg,39.72018814086914
image_1439.jpg,39.21882629394531
image_144.jpg,14.79312801361084
image_1440.jpg,48.50802230834961
image_1441.jpg,43.37038040161133
image_1442.jpg,7.200445175170898
image_1443.jpg,38.9414176940918
image_1444.jpg,1.2311400175094604
image_1445.jpg,28.84844398498535
image_1446.jpg,72.6201171875
image_1447.jpg,5.639866828918457
image_1448.jpg,47.22080993652344
image_1449.jpg,26.452526092529297
image_145.jpg,7.997974395751953
image_1450.jpg,1.3837651014328003
image_1451.jpg,27.66730499267578
image_1452.jpg,29.07460594177246
image_1453.jpg,31.102882385253906
image_1454.jpg,25.292930603027344
image_1455.jpg,63.82338333129883
image_1456.jpg,38.84415817260742
image_1457.jpg,71.06918334960938
image_1458.jpg,16.298873901367188
image_1459.jpg,51.02371597290039
image_146.jpg,60.10423278808594
image_1460.jpg,41.072364807128906
image_1461.jpg,74.41398620605469
image_1462.jpg,41.903717041015625
image_1463.jpg,4.677310466766357
image_1464.jpg,25.564882278442383
image_1465.jpg,70.99592590332031
image_1466.jpg,13.060426712036133
image_1467.jpg,33.79597473144531
image_1468.jpg,22.5941219329834
image_1469.jpg,23.048141479492188
image_147.jpg,27.025531768798828
image_1470.jpg,28.032691955566406
image_1471.jpg,35.31606674194336
image_1472.jpg,60.87834930419922
image_1473.jpg,28.74925994873047
image_1474.jpg,32.523136138916016
image_1475.jpg,64.041748046875
image_1476.jpg,79.44474029541016
image_1477.jpg,72.40765380859375
image_1478.jpg,55.295936584472656
image_1479.jpg,36.699954986572266
image_148.jpg,30.78249740600586
image_1480.jpg,29.697254180908203
image_1481.jpg,9.902209281921387
image_1482.jpg,10.007528305053711
image_1483.jpg,45.490333557128906
image_1484.jpg,31.78254508972168
image_1485.jpg,76.19842529296875
image_1486.jpg,48.76892852783203
image_1487.jpg,30.960519790649414
image_1488.jpg,66.5849838256836
image_1489.jpg,15.479010581970215
image_149.jpg,49.95565414428711
image_1490.jpg,15.872753143310547
image_1491.jpg,28.83458137512207
image_1492.jpg,27.94255828857422
image_1493.jpg,20.26742935180664
image_1494.jpg,51.97141647338867
image_1495.jpg,75.71322631835938
image_1496.jpg,21.58917999267578
image_1497.jpg,52.31843948364258
image_1498.jpg,31.112607955932617
image_1499.jpg,31.013492584228516
image_15.jpg,40.092933654785156
image_150.jpg,3.6905136108398438
image_1500.jpg,41.99207305908203
image_1501.jpg,48.277015686035156
image_1502.jpg,38.29884338378906
image_1503.jpg,8.585253715515137
image_1504.jpg,57.48027038574219
image_1505.jpg,63.62190246582031
image_1506.jpg,71.9759521484375
image_1507.jpg,52.25230026245117
image_1508.jpg,49.63618087768555
image_1509.jpg,61.70588302612305
image_151.jpg,64.29212188720703
image_1510.jpg,26.76066780090332
image_1511.jpg,70.01104736328125
image_1512.jpg,34.325279235839844
image_1513.jpg,41.6361083984375
image_1514.jpg,34.050209045410156
image_1515.jpg,31.966115951538086
image_1516.jpg,53.42472839355469
image_1517.jpg,31.041139602661133
image_1518.jpg,36.37438201904297
image_1519.jpg,22.44871711730957
image_152.jpg,1.2306311130523682
image_1520.jpg,22.537574768066406
image_1521.jpg,17.33102798461914
image_1522.jpg,48.781761169433594
image_1523.jpg,19.852758407592773
image_1524.jpg,77.72566223144531
image_1525.jpg,37.81233215332031
image_1526.jpg,9.137327194213867
image_1527.jpg,40.811981201171875
image_1528.jpg,53.488040924072266
image_1529.jpg,24.779741287231445
image_153.jpg,23.431608200073242
image_1530.jpg,39.93617248535156
image_1531.jpg,38.59522247314453
image_1532.jpg,59.06919860839844
image_1533.jpg,34.859107971191406
image_1534.jpg,55.5941162109375
image_1535.jpg,26.445661544799805
image_1536.jpg,24.578495025634766
image_1537.jpg,65.53893280029297
image_1538.jpg,38.12950134277344
image_1539.jpg,58.253868103027344
image_154.jpg,91.40535736083984
image_1540.jpg,5.468497276306152
image_1541.jpg,29.141706466674805
image_1542.jpg,84.02770233154297
image_1543.jpg,69.41596984863281
image_1544.jpg,21.16484260559082
image_1545.jpg,62.218841552734375
image_1546.jpg,30.282089233398438
image_1547.jpg,22.622331619262695
image_1548.jpg,32.27284622192383
image_1549.jpg,58.815513610839844
image_155.jpg,9.030390739440918
image_1550.jpg,16.098867416381836
image_1551.jpg,2.4354660511016846
image_1552.jpg,57.14599609375
image_1553.jpg,40.373313903808594
image_1554.jpg,28.94899559020996
image_1555.jpg,38.45352554321289
image_1556.jpg,20.477161407470703
image_1557.jpg,30.642396926879883
image_1558.jpg,51.02361297607422
image_1559.jpg,25.05710220336914
image_156.jpg,66.70989227294922
image_1560.jpg,63.16405487060547
image_1561.jpg,29.281835556030273
image_1562.jpg,75.66687774658203
image_1563.jpg,79.89131164550781
image_1564.jpg,36.2213134765625
image_1565.jpg,4.330399990081787
image_1566.jpg,44.988189697265625
image_1567.jpg,53.0227165222168
image_1568.jpg,18.58819580078125
image_1569.jpg,21.267417907714844
image_157.jpg,41.863101959228516
image_1570.jpg,20.138158798217773
image_1571.jpg,23.621063232421875
image_1572.jpg,38.82865905761719
image_1573.jpg,1.5063154697418213
image_1574.jpg,31.871152877807617
image_1575.jpg,66.8397216796875
image_1576.jpg,28.274293899536133
image_1577.jpg,8.528727531433105
image_1578.jpg,52.85029220581055
image_1579.jpg,8.299076080322266
image_158.jpg,31.600791931152344
image_1580.jpg,1.8592876195907593
image_1581.jpg,41.29657745361328
image_1582.jpg,64.25182342529297
image_1583.jpg,28.369848251342773
image_1584.jpg,3.0448694229125977
image_1585.jpg,49.52338790893555
image_1586.jpg,71.21532440185547
image_1587.jpg,65.69934844970703
image_1588.jpg,23.3756103515625
image_1589.jpg,30.14223289489746
image_159.jpg,4.423966884613037
image_1590.jpg,34.88714599609375
image_1591.jpg,10.8903226852417
image_1592.jpg,12.9946870803833
image_1593.jpg,26.37730598449707
image_1594.jpg,31.43418312072754
image_1595.jpg,48.537654876708984
image_1596.jpg,20.47479820251465
image_1597.jpg,2.3412418365478516
image_1598.jpg,55.33517074584961
image_1599.jpg,62.118770599365234
image_16.jpg,58.23322296142578
image_160.jpg,10.175810813903809
image_1600.jpg,6.185666561126709
image_1601.jpg,15.701743125915527
image_1602.jpg,77.57172393798828
image_1603.jpg,65.94477844238281
image_1604.jpg,67.2629623413086
image_1605.jpg,55.618553161621094
image_1606.jpg,57.438087463378906
image_1607.jpg,1.7759144306182861
image_1608.jpg,29.19968605041504
image_1609.jpg,55.20676040649414
image_161.jpg,35.39781951904297
image_1610.jpg,81.17259979248047
image_1611.jpg,52.26104736328125
image_1612.jpg,78.68944549560547
image_1613.jpg,16.25111198425293
image_1614.jpg,48.19718933105469
image_1615.jpg,49.462486267089844
image_1616.jpg,16.373811721801758
image_1617.jpg,71.15370178222656
image_1618.jpg,35.27420425415039
image_1619.jpg,33.47665786743164
image_162.jpg,16.19847869873047
image_1620.jpg,66.11131286621094
image_1621.jpg,32.51801681518555
image_1622.jpg,73.97469329833984
image_1623.jpg,41.42515182495117
image_1624.jpg,56.68711853027344
image_1625.jpg,29.063974380493164
image_1626.jpg,48.63910675048828
image_1627.jpg,60.52095413208008
image_1628.jpg,49.81972885131836
image_1629.jpg,32.397300720214844
image_163.jpg,48.85618209838867
image_1630.jpg,2.171732187271118
image_1631.jpg,63.426658630371094
image_1632.jpg,71.81776428222656
image_1633.jpg,70.37599182128906
image_1634.jpg,45.678855895996094
image_1635.jpg,24.204795837402344
image_1636.jpg,60.90005111694336
image_1637.jpg,6.253471851348877
image_1638.jpg,17.912649154663086
image_1639.jpg,13.852229118347168
image_164.jpg,13.488494873046875
image_1640.jpg,28.808128356933594
image_1641.jpg,26.716876983642578
image_1642.jpg,10.089251518249512
image_1643.jpg,13.400923728942871
image_1644.jpg,58.74533462524414
image_1645.jpg,63.44879913330078
image_1646.jpg,9.060388565063477
image_1647.jpg,30.37456512451172
image_1648.jpg,77.48011779785156
image_1649.jpg,49.145057678222656
image_165.jpg,65.74449920654297
image_1650.jpg,12.393980979919434
image_1651.jpg,53.659610748291016
image_1652.jpg,4.55086612701416
image_1653.jpg,26.57460594177246
image_1654.jpg,31.39644432067871
image_1655.jpg,13.570944786071777
image_1656.jpg,19.64459800720215
image_1657.jpg,16.6487979888916
image_1658.jpg,58.53984832763672
image_1659.jpg,75.18490600585938
image_166.jpg,57.6368522644043
image_1660.jpg,50.71146774291992
image_1661.jpg,2.3717868328094482
image_1662.jpg,32.759925842285156
image_1663.jpg,57.420372009277344
image_1664.jpg,6.845526695251465
image_1665.jpg,50.984619140625
image_1666.jpg,36.15577697753906
image_1667.jpg,62.96549987792969
image_1668.jpg,51.01205062866211
image_1669.jpg,41.242862701416016
image_167.jpg,33.8560676574707
image_1670.jpg,51.71748352050781
image_1671.jpg,8.782075881958008
image_1672.jpg,43.21665954589844
image_1673.jpg,5.868480205535889
image_1674.jpg,51.916526794433594
image_1675.jpg,52.43425369262695
image_1676.jpg,56.130496978759766
image_1677.jpg,52.48440933227539
image_1678.jpg,31.34674072265625
image_1679.jpg,44.36233139038086
image_168.jpg,53.722084045410156
image_1680.jpg,27.938817977905273
image_1681.jpg,31.921388626098633
image_1682.jpg,48.03056335449219
image_1683.jpg,24.899856567382812
image_1684.jpg,9.601766586303711
image_1685.jpg,1.371532678604126
image_1686.jpg,2.61411714553833
image_1687.jpg,37.810455322265625
image_1688.jpg,6.2754974365234375
image_1689.jpg,27.50353240966797
image_169.jpg,7.414632797241211
image_1690.jpg,62.41258239746094
image_1691.jpg,38.35152816772461
image_1692.jpg,27.60841178894043
image_1693.jpg,17.467252731323242
image_1694.jpg,20.189159393310547
image_1695.jpg,28.725297927856445
image_1696.jpg,27.194108963012695
image_1697.jpg,67.23567199707031
image_1698.jpg,33.85901641845703
image_1699.jpg,73.33763122558594
image_17.jpg,86.29362487792969
image_170.jpg,36.241973876953125
image_1700.jpg,64.551025390625
image_1701.jpg,43.433990478515625
image_1702.jpg,40.373775482177734
image_1703.jpg,52.81488037109375
image_1704.jpg,30.538942337036133
image_1705.jpg,32.321929931640625
image_1706.jpg,77.40234375
image_1707.jpg,3.4406347274780273
image_1708.jpg,1.5942844152450562
image_1709.jpg,54.54914093017578
image_171.jpg,67.6546630859375
image_1710.jpg,29.497236251831055
image_1711.jpg,63.513240814208984
image_1712.jpg,38.0987434387207
image_1713.jpg,72.89388275146484
image_1714.jpg,22.500146865844727
image_1715.jpg,33.40480041503906
image_1716.jpg,8.84907054901123
image_1717.jpg,11.452759742736816
image_1718.jpg,23.078628540039062
image_1719.jpg,75.89097595214844
image_172.jpg,63.072601318359375
image_1720.jpg,57.67108917236328
image_1721.jpg,36.71185302734375
image_1722.jpg,10.196253776550293
image_1723.jpg,1.9655107259750366
image_1724.jpg,28.72821044921875
image_1725.jpg,8.595437049865723
image_1726.jpg,65.52017974853516
image_1727.jpg,72.70795440673828
image_1728.jpg,5.21427583694458
image_1729.jpg,63.78736877441406
image_173.jpg,24.337154388427734
image_1730.jpg,11.949687004089355
image_1731.jpg,13.240872383117676
image_1732.jpg,63.67878723144531
image_1733.jpg,27.767314910888672
image_1734.jpg,34.98564910888672
image_1735.jpg,28.93699836730957
image_1736.jpg,53.01164245605469
image_1737.jpg,6.833091735839844
image_1738.jpg,66.80651092529297
image_1739.jpg,37.32849884033203
image_174.jpg,12.600239753723145
image_1740.jpg,49.25926208496094
image_1741.jpg,16.307924270629883
image_1742.jpg,68.34916687011719
image_1743.jpg,6.094814777374268
image_1744.jpg,29.131528854370117
image_1745.jpg,37.1438102722168
image_1746.jpg,6.677077293395996
image_1747.jpg,26.53941535949707
image_1748.jpg,43.56002426147461
image_1749.jpg,4.675635814666748
image_175.jpg,26.1850528717041
image_1750.jpg,64.64918518066406
image_1751.jpg,15.245156288146973
image_1752.jpg,14.039000511169434
image_1753.jpg,43.118526458740234
image_1754.jpg,50.92710876464844
image_1755.jpg,73.24957275390625
image_1756.jpg,46.65425109863281
image_1757.jpg,59.536216735839844
image_1758.jpg,27.79986000061035
image_1759.jpg,68.68756103515625
image_176.jpg,15.905022621154785
image_1760.jpg,75.56719970703125
image_1761.jpg,35.39776611328125
image_1762.jpg,27.986907958984375
image_1763.jpg,9.901643753051758
image_1764.jpg,20.291723251342773
image_1765.jpg,22.239213943481445
image_1766.jpg,65.3353042602539
image_1767.jpg,58.54884338378906
image_1768.jpg,48.300331115722656
image_1769.jpg,90.10365295410156
image_177.jpg,31.819368362426758
image_1770.jpg,72.08527374267578
image_1771.jpg,28.49236297607422
image_1772.jpg,22.9730281829834
image_1773.jpg,54.34663391113281
image_1774.jpg,65.45140075683594
image_1775.jpg,68.03215789794922
image_1776.jpg,4.857301235198975
image_1777.jpg,1.1508996486663818
image_1778.jpg,49.64276885986328
image_1779.jpg,56.23291015625
image_178.jpg,59.96875762939453
image_1780.jpg,7.9509663581848145
image_1781.jpg,20.823673248291016
image_1782.jpg,21.946935653686523
image_1783.jpg,53.783424377441406
image_1784.jpg,52.273677825927734
image_1785.jpg,6.088252544403076
image_1786.jpg,1.4565179347991943
image_1787.jpg,60.013038635253906
image_1788.jpg,23.685951232910156
image_1789.jpg,68.34722137451172
image_179.jpg,52.47274398803711
image_1790.jpg,60.44861602783203
image_1791.jpg,77.14445495605469
image_1792.jpg,62.56330490112305
image_1793.jpg,7.664437770843506
image_1794.jpg,77.5111083984375
image_1795.jpg,23.7183780670166
image_1796.jpg,44.25457000732422
image_1797.jpg,27.39384651184082
image_1798.jpg,30.10892105102539
image_1799.jpg,27.733806610107422
image_18.jpg,31.868080139160156
image_180.jpg,27.834022521972656
image_1800.jpg,46.6118278503418
image_1801.jpg,56.628173828125
image_1802.jpg,30.862810134887695
image_1803.jpg,69.71971130371094
image_1804.jpg,38.70513916015625
image_1805.jpg,63.388648986816406
image_1806.jpg,66.03459167480469
image_1807.jpg,2.80059552192688
image_1808.jpg,16.464963912963867
image_1809.jpg,95.31080627441406
image_181.jpg,84.88320922851562
image_1810.jpg,29.14841079711914
image_1811.jpg,32.714683532714844
image_1812.jpg,72.2255859375
image_1813.jpg,14.775261878967285
image_1814.jpg,24.564512252807617
image_1815.jpg,7.73114013671875
image_1816.jpg,28.337156295776367
image_1817.jpg,36.21120071411133
image_1818.jpg,14.219710350036621
image_1819.jpg,82.40465545654297
image_182.jpg,54.99333953857422
image_1820.jpg,60.34455871582031
image_1821.jpg,56.10861587524414
image_1822.jpg,62.85064697265625
image_1823.jpg,72.9145278930664
image_1824.jpg,10.294371604919434
image_1825.jpg,54.658138275146484
image_1826.jpg,22.381202697753906
image_1827.jpg,8.20811653137207
image_1828.jpg,70.279541015625
image_1829.jpg,29.037321090698242
image_183.jpg,55.48638916015625
image_1830.jpg,17.480520248413086
image_1831.jpg,15.592567443847656
image_1832.jpg,78.62017822265625
image_1833.jpg,63.59485626220703
image_1834.jpg,48.64883804321289
image_1835.jpg,28.180192947387695
image_1836.jpg,26.716915130615234
image_1837.jpg,23.66843605041504
image_1838.jpg,65.88646697998047
image_1839.jpg,37.41948699951172
image_184.jpg,83.51963806152344
image_1840.jpg,74.66520690917969
image_1841.jpg,2.1299099922180176
image_1842.jpg,29.28264808654785
image_1843.jpg,7.9745612144470215
image_1844.jpg,48.639766693115234
image_1845.jpg,33.58195495605469
image_1846.jpg,57.63334655761719
image_1847.jpg,57.800628662109375
image_1848.jpg,34.54639434814453
image_1849.jpg,56.67454528808594
image_185.jpg,1.3210575580596924
image_1850.jpg,58.773643493652344
image_1851.jpg,18.450586318969727
image_1852.jpg,33.246273040771484
image_1853.jpg,24.312807083129883
image_1854.jpg,76.76095581054688
image_1855.jpg,15.186878204345703
image_1856.jpg,60.05347442626953
image_1857.jpg,12.988710403442383
image_1858.jpg,31.25018310546875
image_1859.jpg,58.188411712646484
image_186.jpg,30.998964309692383
image_1860.jpg,35.13887405395508
image_1861.jpg,77.80416870117188
image_1862.jpg,60.91443634033203
image_1863.jpg,35.06412124633789
image_1864.jpg,40.1622314453125
image_1865.jpg,27.627607345581055
image_1866.jpg,58.52806091308594
image_1867.jpg,26.717876434326172
image_1868.jpg,37.14561462402344
image_1869.jpg,8.587714195251465
image_187.jpg,35.83087158203125
image_1870.jpg,32.42325210571289
image_1871.jpg,56.47800827026367
image_1872.jpg,53.115882873535156
image_1873.jpg,32.78173065185547
image_1874.jpg,42.56428909301758
image_1875.jpg,47.38093185424805
image_1876.jpg,22.813302993774414
image_1877.jpg,32.210838317871094
image_1878.jpg,58.06947326660156
image_1879.jpg,17.694089889526367
image_188.jpg,61.69952392578125
image_1880.jpg,23.603960037231445
image_1881.jpg,7.193925857543945
image_1882.jpg,53.165340423583984
image_1883.jpg,59.03450393676758
image_1884.jpg,28.893447875976562
image_1885.jpg,61.62379455566406
image_1886.jpg,70.29307556152344
image_1887.jpg,63.01856994628906
image_1888.jpg,66.18008422851562
image_1889.jpg,62.35634994506836
image_189.jpg,65.94467163085938
image_1890.jpg,32.877357482910156
image_1891.jpg,2.982708215713501
image_1892.jpg,10.156856536865234
image_1893.jpg,65.20947265625
image_1894.jpg,51.425262451171875
image_1895.jpg,1.1449165344238281
image_1896.jpg,72.48075866699219
image_1897.jpg,71.49701690673828
image_1898.jpg,55.84080123901367
image_1899.jpg,23.70147132873535
image_19.jpg,11.189045906066895
image_190.jpg,26.074934005737305
image_1900.jpg,64.90760040283203
image_1901.jpg,35.51369857788086
image_1902.jpg,57.15697479248047
image_1903.jpg,31.951513290405273
image_1904.jpg,23.525068283081055
image_1905.jpg,10.732486724853516
image_1906.jpg,59.06914138793945
image_1907.jpg,56.07232666015625
image_1908.jpg,76.28986358642578
image_1909.jpg,6.840041637420654
image_191.jpg,28.216760635375977
image_1910.jpg,28.822914123535156
image_1911.jpg,8.648212432861328
image_1912.jpg,1.8159772157669067
image_1913.jpg,52.64155960083008
image_1914.jpg,32.20026397705078
image_1915.jpg,38.990543365478516
image_1916.jpg,38.90202331542969
image_1917.jpg,36.3743782043457
image_1918.jpg,26.7148380279541
image_1919.jpg,5.173004150390625
image_192.jpg,35.84884262084961
image_1920.jpg,40.67692565917969
image_1921.jpg,30.595367431640625
image_1922.jpg,51.26057434082031
image_1923.jpg,49.915733337402344
image_1924.jpg,54.00010681152344
image_1925.jpg,32.50341796875
image_1926.jpg,20.60318946838379
image_1927.jpg,74.64225769042969
image_1928.jpg,35.24829864501953
image_1929.jpg,25.934389114379883
image_193.jpg,42.52806854248047
image_1930.jpg,62.879783630371094
image_1931.jpg,17.41730499267578
image_1932.jpg,21.873571395874023
image_1933.jpg,63.742977142333984
image_1934.jpg,60.89480972290039
image_1935.jpg,27.187807083129883
image_1936.jpg,5.26793909072876
image_1937.jpg,58.13958740234375
image_1938.jpg,39.399044036865234
image_1939.jpg,74.78751373291016
image_194.jpg,3.1249120235443115
image_1940.jpg,66.38870239257812
image_1941.jpg,11.499667167663574
image_1942.jpg,2.032212018966675
image_1943.jpg,10.918396949768066
image_1944.jpg,56.17022705078125
image_1945.jpg,37.744056701660156
image_1946.jpg,22.84196662902832
image_1947.jpg,54.51482009887695
image_1948.jpg,34.851287841796875
image_1949.jpg,75.37068176269531
image_195.jpg,8.67459774017334
image_196.jpg,18.256643295288086
image_197.jpg,13.873014450073242
image_198.jpg,76.10610961914062
image_199.jpg,31.097217559814453
image_2.jpg,75.71665954589844
image_20.jpg,83.24201202392578
image_200.jpg,19.412569046020508
image_201.jpg,84.36048126220703
image_202.jpg,53.24016189575195
image_203.jpg,69.65620422363281
image_204.jpg,29.91878890991211
image_205.jpg,60.901451110839844
image_206.jpg,27.809419631958008
image_207.jpg,60.33343505859375
image_208.jpg,18.331769943237305
image_209.jpg,23.55446434020996
image_21.jpg,18.932172775268555
image_210.jpg,60.000213623046875
image_211.jpg,63.74870300292969
image_212.jpg,62.40818405151367
image_213.jpg,29.445436477661133
image_214.jpg,48.212074279785156
image_215.jpg,30.475046157836914
image_216.jpg,38.77839660644531
image_217.jpg,34.187705993652344
image_218.jpg,59.54540252685547
image_219.jpg,9.154278755187988
image_22.jpg,41.00273895263672
image_220.jpg,33.3868522644043
image_221.jpg,31.51378059387207
image_222.jpg,16.06256675720215
image_223.jpg,68.377197265625
image_224.jpg,23.283456802368164
image_225.jpg,62.439666748046875
image_226.jpg,56.72201156616211
image_227.jpg,78.8700180053711
image_228.jpg,71.15376281738281
image_229.jpg,45.12085723876953
image_23.jpg,27.891658782958984
image_230.jpg,61.930877685546875
image_231.jpg,41.99610137939453
image_232.jpg,77.97171020507812
image_233.jpg,53.07099914550781
image_234.jpg,42.930171966552734
image_235.jpg,47.7305908203125
image_236.jpg,72.57513427734375
image_237.jpg,64.6454086303711
image_238.jpg,28.89898109436035
image_239.jpg,8.591269493103027
image_24.jpg,47.66033172607422
image_240.jpg,45.68537139892578
image_241.jpg,39.016319274902344
image_242.jpg,33.99183654785156
image_243.jpg,25.239255905151367
image_244.jpg,17.6554012298584
image_245.jpg,26.65025520324707
image_246.jpg,55.514617919921875
image_247.jpg,37.655845642089844
image_248.jpg,1.1617152690887451
image_249.jpg,30.749921798706055
image_25.jpg,63.37656021118164
image_250.jpg,45.62377166748047
image_251.jpg,23.200037002563477
image_252.jpg,5.3329620361328125
image_253.jpg,33.25607681274414
image_254.jpg,19.974483489990234
image_255.jpg,50.088951110839844
image_256.jpg,15.338332176208496
image_257.jpg,45.91682815551758
image_258.jpg,52.74290466308594
image_259.jpg,70.73568725585938
image_26.jpg,30.69805145263672
image_260.jpg,38.73798370361328
image_261.jpg,25.444944381713867
image_262.jpg,18.467288970947266
image_263.jpg,23.024930953979492
image_264.jpg,28.747224807739258
image_265.jpg,56.530059814453125
image_266.jpg,36.741363525390625
image_267.jpg,7.1077094078063965
image_268.jpg,26.893430709838867
image_269.jpg,53.693817138671875
image_27.jpg,6.178391456604004
image_270.jpg,10.917252540588379
image_271.jpg,4.341188430786133
image_272.jpg,62.254207611083984
image_273.jpg,33.16598892211914
image_274.jpg,75.88694763183594
image_275.jpg,24.275657653808594
image_276.jpg,34.17755126953125
image_277.jpg,28.102060317993164
image_278.jpg,18.474599838256836
image_279.jpg,38.05122375488281
image_28.jpg,16.21295738220215
image_280.jpg,43.20849609375
image_281.jpg,60.16202926635742
image_282.jpg,9.350629806518555
image_283.jpg,27.55611228942871
image_284.jpg,62.938690185546875
image_285.jpg,47.80065155029297
image_286.jpg,26.26121711730957
image_287.jpg,17.25743865966797
image_288.jpg,62.162620544433594
image_289.jpg,33.44891357421875
image_29.jpg,24.99751853942871
image_290.jpg,52.4599723815918
image_291.jpg,29.068880081176758
image_292.jpg,1.9178006649017334
image_293.jpg,23.19172477722168
image_294.jpg,13.092883110046387
image_295.jpg,26.93644905090332
image_296.jpg,1.3147070407867432
image_297.jpg,34.13133239746094
image_298.jpg,23.2854061126709
image_299.jpg,29.5534725189209
image_3.jpg,63.30397033691406
image_30.jpg,58.89250946044922
image_300.jpg,27.29561424255371
image_301.jpg,4.900893688201904
image_302.jpg,66.0477523803711
image_303.jpg,83.9468994140625
image_304.jpg,49.381046295166016
image_305.jpg,53.47093200683594
image_306.jpg,29.635395050048828
image_307.jpg,61.22649383544922
image_308.jpg,50.29702377319336
image_309.jpg,24.299367904663086
image_31.jpg,6.0722198486328125
image_310.jpg,8.074496269226074
image_311.jpg,30.820707321166992
image_312.jpg,37.049564361572266
image_313.jpg,41.55864334106445
image_314.jpg,65.80076599121094
image_315.jpg,24.951459884643555
image_316.jpg,40.02723693847656
image_317.jpg,67.41239929199219
image_318.jpg,10.957308769226074
image_319.jpg,77.38347625732422
image_32.jpg,71.20941162109375
image_320.jpg,49.19929504394531
image_321.jpg,57.22660446166992
image_322.jpg,57.999420166015625
image_323.jpg,34.27797317504883
image_324.jpg,28.73093605041504
image_325.jpg,78.30889129638672
image_326.jpg,70.4560317993164
image_327.jpg,71.55464172363281
image_328.jpg,66.81184387207031
image_329.jpg,24.43453025817871
image_33.jpg,26.72498893737793
image_330.jpg,62.18990707397461
image_331.jpg,59.934146881103516
image_332.jpg,71.11582946777344
image_333.jpg,1.4371236562728882
image_334.jpg,37.753028869628906
image_335.jpg,26.80792999267578
image_336.jpg,72.49150085449219
image_337.jpg,58.775634765625
image_338.jpg,48.79932403564453
image_339.jpg,51.60444641113281
image_34.jpg,52.12215042114258
image_340.jpg,39.59796142578125
image_341.jpg,41.67030334472656
image_342.jpg,39.133907318115234
image_343.jpg,17.96602439880371
image_344.jpg,64.90950775146484
image_345.jpg,77.16741943359375
image_346.jpg,10.297343254089355
image_347.jpg,58.774436950683594
image_348.jpg,32.63190460205078
image_349.jpg,26.95979881286621
image_35.jpg,5.40440034866333
image_350.jpg,26.29079246520996
image_351.jpg,75.78836059570312
image_352.jpg,33.31909942626953
image_353.jpg,35.882225036621094
image_354.jpg,24.129552841186523
image_355.jpg,2.2247860431671143
image_356.jpg,28.3681697845459
image_357.jpg,5.134559154510498
image_358.jpg,28.459110260009766
image_359.jpg,80.72976684570312
image_36.jpg,32.20747375488281
image_360.jpg,24.3667049407959
image_361.jpg,38.282447814941406
image_362.jpg,60.59786605834961
image_363.jpg,50.023067474365234
image_364.jpg,5.84065580368042
image_365.jpg,53.853248596191406
image_366.jpg,26.175710678100586
image_367.jpg,46.75693893432617
image_368.jpg,58.29884338378906
image_369.jpg,74.44902038574219
image_37.jpg,63.858917236328125
image_370.jpg,27.259923934936523
image_371.jpg,55.8715934753418
image_372.jpg,54.00879669189453
image_373.jpg,33.51930236816406
image_374.jpg,44.19713592529297
image_375.jpg,12.132899284362793
image_376.jpg,67.71110534667969
image_377.jpg,9.741445541381836
image_378.jpg,81.3102035522461
image_379.jpg,55.432098388671875
image_38.jpg,9.68726634979248
image_380.jpg,59.496726989746094
image_381.jpg,48.92093276977539
image_382.jpg,16.838817596435547
image_383.jpg,76.38829040527344
image_384.jpg,31.175397872924805
image_385.jpg,75.14398193359375
image_386.jpg,51.31212615966797
image_387.jpg,26.211977005004883
image_388.jpg,31.661325454711914
image_389.jpg,1.1310062408447266
image_39.jpg,26.039920806884766
image_390.jpg,36.546844482421875
image_391.jpg,18.160409927368164
image_392.jpg,8.338862419128418
image_393.jpg,26.917984008789062
image_394.jpg,6.312872409820557
image_395.jpg,7.391783237457275
image_396.jpg,30.74030303955078
image_397.jpg,16.275556564331055
image_398.jpg,12.511665344238281
image_399.jpg,43.44089889526367
image_4.jpg,29.766172409057617
image_40.jpg,74.09492492675781
image_400.jpg,61.305782318115234
image_401.jpg,54.935829162597656
image_402.jpg,30.348100662231445
image_403.jpg,56.376407623291016
image_404.jpg,63.610504150390625
image_405.jpg,28.097309112548828
image_406.jpg,31.749677658081055
image_407.jpg,5.635802268981934
image_408.jpg,58.72106170654297
image_409.jpg,27.66141700744629
image_41.jpg,78.16154479980469
image_410.jpg,81.55115509033203
image_411.jpg,25.580793380737305
image_412.jpg,28.896011352539062
image_413.jpg,49.210166931152344
image_414.jpg,76.46176147460938
image_415.jpg,21.73745346069336
image_416.jpg,53.13936233520508
image_417.jpg,50.1054573059082
image_418.jpg,25.32712745666504
image_419.jpg,9.165985107421875
image_42.jpg,57.763816833496094
image_420.jpg,1.1081020832061768
image_421.jpg,6.772017002105713
image_422.jpg,31.393260955810547
image_423.jpg,1.4949840307235718
image_424.jpg,64.71814727783203
image_425.jpg,4.730720043182373
image_426.jpg,65.16080474853516
image_427.jpg,26.159061431884766
image_428.jpg,39.88416290283203
image_429.jpg,22.84031105041504
image_43.jpg,69.2586441040039
image_430.jpg,25.19037437438965
image_431.jpg,24.783170700073242
image_432.jpg,73.32977294921875
image_433.jpg,31.212114334106445
image_434.jpg,78.38165283203125
image_435.jpg,27.90184783935547
image_436.jpg,74.42594146728516
image_437.jpg,29.317819595336914
image_438.jpg,60.1379508972168
image_439.jpg,19.076642990112305
image_44.jpg,49.00616455078125
image_440.jpg,33.88890838623047
image_441.jpg,24.691251754760742
image_442.jpg,31.745830535888672
image_443.jpg,32.907161712646484
image_444.jpg,56.944000244140625
image_445.jpg,25.77097511291504
image_446.jpg,11.690526962280273
image_447.jpg,65.12723541259766
image_448.jpg,27.33220863342285
image_449.jpg,64.243896484375
image_45.jpg,73.62359619140625
image_450.jpg,59.85620880126953
image_451.jpg,32.25886154174805
image_452.jpg,66.4234848022461
image_453.jpg,17.8192138671875
image_454.jpg,40.416099548339844
image_455.jpg,28.285242080688477
image_456.jpg,36.42228317260742
image_457.jpg,31.255332946777344
image_458.jpg,37.476280212402344
image_459.jpg,1.45723557472229
image_46.jpg,21.95726203918457
image_460.jpg,32.68600082397461
image_461.jpg,31.893815994262695
image_462.jpg,58.011016845703125
image_463.jpg,13.929328918457031
image_464.jpg,1.6457544565200806
image_465.jpg,88.73143768310547
image_466.jpg,43.09917449951172
image_467.jpg,86.67799377441406
image_468.jpg,64.23078918457031
image_469.jpg,47.66967010498047
image_47.jpg,72.76869201660156
image_470.jpg,25.127384185791016
image_471.jpg,26.494657516479492
image_472.jpg,44.02115249633789
image_473.jpg,24.029817581176758
image_474.jpg,51.745567321777344
image_475.jpg,27.0196590423584
image_476.jpg,82.34600067138672
image_477.jpg,27.617528915405273
image_478.jpg,2.0854341983795166
image_479.jpg,1.386444330215454
image_48.jpg,22.48688316345215
image_480.jpg,41.14240264892578
image_481.jpg,27.69831085205078
image_482.jpg,61.15666198730469
image_483.jpg,23.194921493530273
image_484.jpg,7.088331699371338
image_485.jpg,67.5029525756836
image_486.jpg,35.7005500793457
image_487.jpg,7.994189739227295
image_488.jpg,34.426761627197266
image_489.jpg,72.27588653564453
image_49.jpg,4.17184591293335
image_490.jpg,11.418951988220215
image_491.jpg,58.458065032958984
image_492.jpg,74.09292602539062
image_493.jpg,62.06504440307617
image_494.jpg,16.377925872802734
image_495.jpg,55.26984786987305
image_496.jpg,28.26142120361328
image_497.jpg,18.429584503173828
image_498.jpg,20.808998107910156
image_499.jpg,38.448150634765625
image_5.jpg,63.246360778808594
image_50.jpg,54.47795867919922
image_500.jpg,5.89138650894165
image_501.jpg,72.97533416748047
image_502.jpg,82.03269958496094
image_503.jpg,36.92448425292969
image_504.jpg,33.293212890625
image_505.jpg,64.37519073486328
image_506.jpg,32.682579040527344
image_507.jpg,14.275030136108398
image_508.jpg,47.539398193359375
image_509.jpg,52.05095291137695
image_51.jpg,33.20295715332031
image_510.jpg,89.28446197509766
image_511.jpg,22.686403274536133
image_512.jpg,52.907691955566406
image_513.jpg,1.2708340883255005
image_514.jpg,26.27557373046875
image_515.jpg,16.616559982299805
image_516.jpg,58.73683166503906
image_517.jpg,22.1353816986084
image_518.jpg,6.058386325836182
image_519.jpg,67.94090270996094
image_52.jpg,28.470518112182617
image_520.jpg,1.3908647298812866
image_521.jpg,5.050189018249512
image_522.jpg,89.91159057617188
image_523.jpg,63.45903015136719
image_524.jpg,28.63494873046875
image_525.jpg,22.39027976989746
image_526.jpg,20.081743240356445
image_527.jpg,63.42722702026367
image_528.jpg,34.43015670776367
image_529.jpg,37.577537536621094
image_53.jpg,47.768638610839844
image_530.jpg,77.45753479003906
image_531.jpg,59.30265426635742
image_532.jpg,46.68593215942383
image_533.jpg,18.172344207763672
image_534.jpg,25.702177047729492
image_535.jpg,52.675106048583984
image_536.jpg,30.858190536499023
image_537.jpg,40.6036491394043
image_538.jpg,27.661203384399414
image_539.jpg,49.09214782714844
image_54.jpg,6.530584812164307
image_540.jpg,48.400753021240234
image_541.jpg,66.48660278320312
image_542.jpg,7.947483062744141
image_543.jpg,44.42723083496094
image_544.jpg,66.60491180419922
image_545.jpg,18.062841415405273
image_546.jpg,71.28816986083984
image_547.jpg,25.957611083984375
image_548.jpg,11.408441543579102
image_549.jpg,32.679237365722656
image_55.jpg,28.413637161254883
image_550.jpg,83.68423461914062
image_551.jpg,77.32293701171875
image_552.jpg,31.35078239440918
image_553.jpg,45.812686920166016
image_554.jpg,53.05007553100586
image_555.jpg,82.92958068847656
image_556.jpg,1.4137464761734009
image_557.jpg,72.4342269897461
image_558.jpg,38.01163101196289
image_559.jpg,63.27409362792969
image_56.jpg,41.609703063964844
image_560.jpg,50.86832809448242
image_561.jpg,53.97249984741211
image_562.jpg,28.839454650878906
image_563.jpg,56.55863571166992
image_564.jpg,7.827131748199463
image_565.jpg,51.07809829711914
image_566.jpg,17.14828872680664
image_567.jpg,70.81614685058594
image_568.jpg,35.11674118041992
image_569.jpg,2.071120500564575
image_57.jpg,31.244245529174805
image_570.jpg,14.633402824401855
image_571.jpg,27.917097091674805
image_572.jpg,56.7396240234375
image_573.jpg,25.77313804626465
image_574.jpg,60.16807556152344
image_575.jpg,30.57428550720215
image_576.jpg,39.259979248046875
image_577.jpg,42.842464447021484
image_578.jpg,50.12063980102539
image_579.jpg,70.492919921875
image_58.jpg,6.655370712280273
image_580.jpg,73.28504180908203
image_581.jpg,30.190004348754883
image_582.jpg,76.13333892822266
image_583.jpg,10.502718925476074
image_584.jpg,52.399383544921875
image_585.jpg,28.157421112060547
image_586.jpg,47.79047393798828
image_587.jpg,56.81450653076172
image_588.jpg,73.60872650146484
image_589.jpg,53.20633316040039
image_59.jpg,55.932315826416016
image_590.jpg,23.80986785888672
image_591.jpg,55.577354431152344
image_592.jpg,67.10844421386719
image_593.jpg,27.866867065429688
image_594.jpg,74.89956665039062
image_595.jpg,28.905473709106445
image_596.jpg,55.670345306396484
image_597.jpg,56.14503479003906
image_598.jpg,62.79518127441406
image_599.jpg,66.69082641601562
image_6.jpg,14.90018367767334
image_60.jpg,39.277099609375
image_600.jpg,37.641807556152344
image_601.jpg,20.32720375061035
image_602.jpg,72.369384765625
image_603.jpg,67.17556762695312
image_604.jpg,68.4946060180664
image_605.jpg,50.56932830810547
image_606.jpg,11.155488014221191
image_607.jpg,43.30069351196289
image_608.jpg,47.543792724609375
image_609.jpg,31.43092155456543
image_61.jpg,39.63970947265625
image_610.jpg,31.19334602355957
image_611.jpg,60.50296401977539
image_612.jpg,13.27656364440918
image_613.jpg,71.07569122314453
image_614.jpg,29.63932228088379
image_615.jpg,46.40095901489258
image_616.jpg,53.24143981933594
image_617.jpg,70.49788665771484
image_618.jpg,61.371036529541016
image_619.jpg,33.44010925292969
image_62.jpg,16.959808349609375
image_620.jpg,8.2247896194458
image_621.jpg,34.685848236083984
image_622.jpg,27.745403289794922
image_623.jpg,13.690377235412598
image_624.jpg,9.216543197631836
image_625.jpg,74.04222869873047
image_626.jpg,1.157341718673706
image_627.jpg,65.08737182617188
image_628.jpg,8.62313175201416
image_629.jpg,26.686840057373047
image_63.jpg,55.743736267089844
image_630.jpg,54.52675247192383
image_631.jpg,2.496873378753662
image_632.jpg,23.535770416259766
image_633.jpg,38.359737396240234
image_634.jpg,24.50946807861328
image_635.jpg,23.040712356567383
image_636.jpg,30.486064910888672
image_637.jpg,23.73087501525879
image_638.jpg,55.407325744628906
image_639.jpg,32.43919372558594
image_64.jpg,32.97526168823242
image_640.jpg,45.75548553466797
image_641.jpg,26.69141387939453
image_642.jpg,32.351165771484375
image_643.jpg,1.4819920063018799
image_644.jpg,8.465123176574707
image_645.jpg,69.61223602294922
image_646.jpg,82.15387725830078
image_647.jpg,73.46379852294922
image_648.jpg,26.234899520874023
image_649.jpg,22.655160903930664
image_65.jpg,13.65025806427002
image_650.jpg,5.999274253845215
image_651.jpg,43.57331848144531
image_652.jpg,58.63922882080078
image_653.jpg,29.25881004333496
image_654.jpg,11.63717269897461
image_655.jpg,44.278892517089844
image_656.jpg,51.77063751220703
image_657.jpg,63.193634033203125
image_658.jpg,36.0921630859375
image_659.jpg,2.8920321464538574
image_66.jpg,61.8409423828125
image_660.jpg,4.943204402923584
image_661.jpg,75.58241271972656
image_662.jpg,26.52810287475586
image_663.jpg,24.70051383972168
image_664.jpg,25.276700973510742
image_665.jpg,25.512298583984375
image_666.jpg,19.317853927612305
image_667.jpg,61.08135223388672
image_668.jpg,50.689815521240234
image_669.jpg,41.07096862792969
image_67.jpg,29.85871696472168
image_670.jpg,22.930517196655273
image_671.jpg,30.80257225036621
image_672.jpg,27.468042373657227
image_673.jpg,59.12305450439453
image_674.jpg,65.01686096191406
image_675.jpg,1.6850767135620117
image_676.jpg,16.06740951538086
image_677.jpg,90.97126007080078
image_678.jpg,59.529571533203125
image_679.jpg,17.793609619140625
image_68.jpg,65.81962585449219
image_680.jpg,21.00736427307129
image_681.jpg,32.55565643310547
image_682.jpg,37.99571990966797
image_683.jpg,56.62690734863281
image_684.jpg,31.867122650146484
image_685.jpg,58.31133270263672
image_686.jpg,61.22386169433594
image_687.jpg,27.37813377380371
image_688.jpg,35.976051330566406
image_689.jpg,59.5491828918457
image_69.jpg,31.18567657470703
image_690.jpg,41.931427001953125
image_691.jpg,12.614093780517578
image_692.jpg,59.81024932861328
image_693.jpg,64.11856842041016
image_694.jpg,31.46376609802246
image_695.jpg,5.3581671714782715
image_696.jpg,48.561832427978516
image_697.jpg,34.34333801269531
image_698.jpg,83.15512084960938
image_699.jpg,59.733428955078125
image_7.jpg,64.77389526367188
image_70.jpg,7.515486240386963
image_700.jpg,8.077445983886719
image_701.jpg,27.1479434967041
image_702.jpg,21.348018646240234
image_703.jpg,56.34617614746094
image_704.jpg,33.1724739074707
image_705.jpg,78.28738403320312
image_706.jpg,26.027008056640625
image_707.jpg,5.328723907470703
image_708.jpg,21.702741622924805
image_709.jpg,7.188134670257568
image_71.jpg,33.38304901123047
image_710.jpg,10.761847496032715
image_711.jpg,70.489501953125
image_712.jpg,59.7736930847168
image_713.jpg,42.48485565185547
image_714.jpg,67.45326232910156
image_715.jpg,57.58979415893555
image_716.jpg,7.370599269866943
image_717.jpg,68.59591674804688
image_718.jpg,25.81739044189453
image_719.jpg,27.938867568969727
image_72.jpg,26.19947052001953
image_720.jpg,59.160518646240234
image_721.jpg,63.61437225341797
image_722.jpg,11.279827117919922
image_723.jpg,45.630836486816406
image_724.jpg,26.69133949279785
image_725.jpg,29.002971649169922
image_726.jpg,30.918729782104492
image_727.jpg,49.28556823730469
image_728.jpg,44.36975860595703
image_729.jpg,19.131498336791992
image_73.jpg,59.90780258178711
image_730.jpg,29.058164596557617
image_731.jpg,62.363739013671875
image_732.jpg,22.049055099487305
image_733.jpg,29.441450119018555
image_734.jpg,83.24653625488281
image_735.jpg,24.249784469604492
image_736.jpg,29.305862426757812
image_737.jpg,22.654254913330078
image_738.jpg,22.80989646911621
image_739.jpg,67.26834106445312
image_74.jpg,16.043004989624023
image_740.jpg,34.58597183227539
image_741.jpg,3.2878472805023193
image_742.jpg,58.06837463378906
image_743.jpg,39.69755554199219
image_744.jpg,33.74001693725586
image_745.jpg,65.03248596191406
image_746.jpg,23.374250411987305
image_747.jpg,60.77644729614258
image_748.jpg,13.720491409301758
image_749.jpg,47.21586990356445
image_75.jpg,1.1947460174560547
image_750.jpg,23.80024528503418
image_751.jpg,7.8496832847595215
image_752.jpg,28.9309024810791
image_753.jpg,26.734058380126953
image_754.jpg,33.32572937011719
image_755.jpg,80.37980651855469
image_756.jpg,58.08525085449219
image_757.jpg,8.27869701385498
image_758.jpg,34.969390869140625
image_759.jpg,26.19783592224121
image_76.jpg,67.78971099853516
image_760.jpg,48.1448860168457
image_761.jpg,40.55089569091797
image_762.jpg,52.935855865478516
image_763.jpg,64.84291076660156
image_764.jpg,26.538249969482422
image_765.jpg,59.85677719116211
image_766.jpg,44.637245178222656
image_767.jpg,45.58647155761719
image_768.jpg,36.200904846191406
image_769.jpg,73.24424743652344
image_77.jpg,5.46426248550415
image_770.jpg,52.022010803222656
image_771.jpg,8.09156322479248
image_772.jpg,89.40640258789062
image_773.jpg,25.69729232788086
image_774.jpg,37.25982666015625
image_775.jpg,53.18891906738281
image_776.jpg,21.80846405029297
image_777.jpg,58.82486343383789
image_778.jpg,16.16145133972168
image_779.jpg,54.284324645996094
image_78.jpg,94.12122344970703
image_780.jpg,26.494731903076172
image_781.jpg,26.42922019958496
image_782.jpg,18.527629852294922
image_783.jpg,1.302496314048767
image_784.jpg,28.85065269470215
image_785.jpg,59.63169860839844
image_786.jpg,56.938724517822266
image_787.jpg,63.482322692871094
image_788.jpg,72.50839233398438
image_789.jpg,62.80978775024414
image_79.jpg,44.51374816894531
image_790.jpg,35.04715347290039
image_791.jpg,48.19110107421875
image_792.jpg,25.690940856933594
image_793.jpg,31.073179244995117
image_794.jpg,6.162705898284912
image_795.jpg,1.0185065269470215
image_796.jpg,26.683326721191406
image_797.jpg,80.75904083251953
image_798.jpg,60.814327239990234
image_799.jpg,14.567597389221191
image_8.jpg,35.37716293334961
image_80.jpg,27.16594696044922
image_800.jpg,67.97315979003906
image_801.jpg,50.34663391113281
image_802.jpg,65.39472198486328
image_803.jpg,33.84214782714844
image_804.jpg,25.964853286743164
image_805.jpg,32.35833740234375
image_806.jpg,20.460920333862305
image_807.jpg,31.64336585998535
image_808.jpg,76.92545318603516
image_809.jpg,75.78933715820312
image_81.jpg,77.64039611816406
image_810.jpg,12.379034996032715
image_811.jpg,51.185752868652344
image_812.jpg,58.23784637451172
image_813.jpg,6.634266376495361
image_814.jpg,30.349071502685547
image_815.jpg,11.913323402404785
image_816.jpg,29.460533142089844
image_817.jpg,35.584136962890625
image_818.jpg,64.13561248779297
image_819.jpg,69.39988708496094
image_82.jpg,60.85066604614258
image_820.jpg,28.11405372619629
image_821.jpg,47.744102478027344
image_822.jpg,14.292299270629883
image_823.jpg,58.71363830566406
image_824.jpg,41.10383605957031
image_825.jpg,11.51822280883789
image_826.jpg,61.04997634887695
image_827.jpg,40.01231384277344
image_828.jpg,51.969642639160156
image_829.jpg,29.843490600585938
image_83.jpg,21.92340660095215
image_830.jpg,2.823251485824585
image_831.jpg,1.6454919576644897
image_832.jpg,17.564472198486328
image_833.jpg,1.290485143661499
image_834.jpg,82.29908752441406
image_835.jpg,10.53235149383545
image_836.jpg,22.154300689697266
image_837.jpg,5.324366092681885
image_838.jpg,55.241676330566406
image_839.jpg,4.880030155181885
image_84.jpg,57.08804702758789
image_840.jpg,7.113908290863037
image_841.jpg,53.88291549682617
image_842.jpg,15.658252716064453
image_843.jpg,69.93548583984375
image_844.jpg,41.94509506225586
image_845.jpg,20.132095336914062
image_846.jpg,1.9936009645462036
image_847.jpg,1.4843981266021729
image_848.jpg,47.12419128417969
image_849.jpg,26.68855094909668
image_85.jpg,4.847253799438477
image_850.jpg,23.689462661743164
image_851.jpg,34.37785720825195
image_852.jpg,72.55033111572266
image_853.jpg,25.3072452545166
image_854.jpg,65.88290405273438
image_855.jpg,45.9609489440918
image_856.jpg,36.77427291870117
image_857.jpg,70.52488708496094
image_858.jpg,24.132993698120117
image_859.jpg,39.42314529418945
image_86.jpg,20.502792358398438
image_860.jpg,56.62690734863281
image_861.jpg,20.523664474487305
image_862.jpg,13.324103355407715
image_863.jpg,49.88780975341797
image_864.jpg,15.699013710021973
image_865.jpg,17.468509674072266
image_866.jpg,26.77102279663086
image_867.jpg,78.43296813964844
image_868.jpg,47.14287185668945
image_869.jpg,49.86375427246094
image_87.jpg,54.51522445678711
image_870.jpg,32.38829040527344
image_871.jpg,40.66666030883789
image_872.jpg,67.9384994506836
image_873.jpg,81.65106201171875
image_874.jpg,55.363704681396484
image_875.jpg,66.722412109375
image_876.jpg,38.66553497314453
image_877.jpg,13.85969066619873
image_878.jpg,31.676992416381836
image_879.jpg,42.138336181640625
image_88.jpg,89.70153045654297
image_880.jpg,61.75019073486328
image_881.jpg,73.99481201171875
image_882.jpg,48.91802215576172
image_883.jpg,81.10179901123047
image_884.jpg,59.37520980834961
image_885.jpg,60.4478759765625
image_886.jpg,30.84197425842285
image_887.jpg,27.396488189697266
image_888.jpg,29.39189910888672
image_889.jpg,27.083616256713867
image_89.jpg,8.312161445617676
image_890.jpg,64.55490112304688
image_891.jpg,37.381065368652344
image_892.jpg,30.88424301147461
image_893.jpg,26.50680160522461
image_894.jpg,31.289152145385742
image_895.jpg,51.86461639404297
image_896.jpg,1.8261204957962036
image_897.jpg,29.7297420501709
image_898.jpg,50.241539001464844
image_899.jpg,47.55229187011719
image_9.jpg,11.31836223602295
image_90.jpg,45.152557373046875
image_900.jpg,27.065515518188477
image_901.jpg,25.654010772705078
image_902.jpg,55.57752990722656
image_903.jpg,43.5086669921875
image_904.jpg,41.40202713012695
image_905.jpg,34.99443435668945
image_906.jpg,52.66935729980469
image_907.jpg,29.498037338256836
image_908.jpg,29.616228103637695
image_909.jpg,26.77180290222168
image_91.jpg,72.5404052734375
image_910.jpg,54.77497482299805
image_911.jpg,25.355138778686523
image_912.jpg,66.10872650146484
image_913.jpg,30.815500259399414
image_914.jpg,51.230655670166016
image_915.jpg,51.48336410522461
image_916.jpg,34.32411193847656
image_917.jpg,64.26985931396484
image_918.jpg,26.817279815673828
image_919.jpg,73.38233947753906
image_92.jpg,72.00189208984375
image_920.jpg,34.23801803588867
image_921.jpg,21.347387313842773
image_922.jpg,31.88616180419922
image_923.jpg,27.821928024291992
image_924.jpg,35.411197662353516
image_925.jpg,49.16419982910156
image_926.jpg,53.42544174194336
image_927.jpg,32.01519012451172
image_928.jpg,88.281005859375
image_929.jpg,69.24497985839844
image_93.jpg,10.068868637084961
image_930.jpg,9.389483451843262
image_931.jpg,29.422542572021484
image_932.jpg,29.45418357849121
image_933.jpg,73.86553955078125
image_934.jpg,23.308378219604492
image_935.jpg,11.86181926727295
image_936.jpg,60.10969924926758
image_937.jpg,90.7658920288086
image_938.jpg,54.732810974121094
image_939.jpg,43.520912170410156
image_94.jpg,28.903669357299805
image_940.jpg,19.032268524169922
image_941.jpg,34.716468811035156
image_942.jpg,1.0720800161361694
image_943.jpg,6.949879169464111
image_944.jpg,66.88233947753906
image_945.jpg,73.90219116210938
image_946.jpg,13.045598983764648
image_947.jpg,51.057647705078125
image_948.jpg,32.362789154052734
image_949.jpg,15.209480285644531
image_95.jpg,14.645068168640137
image_950.jpg,68.79679870605469
image_951.jpg,68.30443572998047
image_952.jpg,49.944576263427734
image_953.jpg,7.331305980682373
image_954.jpg,1.9471508264541626
image_955.jpg,60.09223175048828
image_956.jpg,39.66069030761719
image_957.jpg,55.199798583984375
image_958.jpg,26.816049575805664
image_959.jpg,7.079890251159668
image_96.jpg,1.4373900890350342
image_960.jpg,32.49549865722656
image_961.jpg,59.53578186035156
image_962.jpg,26.23991584777832
image_963.jpg,70.77019500732422
image_964.jpg,2.5742359161376953
image_965.jpg,5.286904335021973
image_966.jpg,23.81882095336914
image_967.jpg,50.95826721191406
image_968.jpg,45.2833251953125
image_969.jpg,22.813560485839844
image_97.jpg,28.137575149536133
image_970.jpg,11.213582038879395
image_971.jpg,7.1025214195251465
image_972.jpg,59.264137268066406
image_973.jpg,23.630586624145508
image_974.jpg,18.47487449645996
image_975.jpg,27.630626678466797
image_976.jpg,7.927873134613037
image_977.jpg,31.043886184692383
image_978.jpg,34.385807037353516
image_979.jpg,70.48188781738281
image_98.jpg,6.541110515594482
image_980.jpg,69.21733093261719
image_981.jpg,56.21245193481445
image_982.jpg,11.444886207580566
image_983.jpg,27.079360961914062
image_984.jpg,62.57337951660156
image_985.jpg,61.101165771484375
image_986.jpg,56.24718475341797
image_987.jpg,3.0917067527770996
image_988.jpg,4.353243827819824
image_989.jpg,47.34824752807617
image_99.jpg,2.8670949935913086
image_990.jpg,34.778404235839844
image_991.jpg,50.684627532958984
image_992.jpg,23.68751335144043
image_993.jpg,74.90168762207031
image_994.jpg,58.42527770996094
image_995.jpg,1.750046968460083
image_996.jpg,36.39042282104492
image_997.jpg,30.387359619140625
image_998.jpg,7.656520366668701
image_999.jpg,56.26837158203125
